elbow_angle_load,elbow_angle_release,knee_flex_min,knee_angle_release,followthrough_frames,knee_reliable_pct,elbow_reliable_pct,shooter_id,shot_num,source
115.74,168.39,156.35,170.86,11,94.6,95.2,shooter101,1,synthetic
92.78,165.95,141.15,174.47,15,94.1,92.0,shooter101,2,synthetic
95.11,160.43,149.38,168.73,15,99.1,99.7,shooter101,3,synthetic
96.77,160.49,145.17,172.96,18,96.1,96.3,shooter101,4,synthetic
102.44,155.08,154.43,175.13,13,91.0,90.4,shooter101,5,synthetic
110.1,161.94,159.84,168.48,13,98.1,92.2,shooter101,6,synthetic
122.95,162.76,157.89,171.62,17,98.7,99.2,shooter101,7,synthetic
105.91,164.69,160.75,174.7,14,96.9,92.0,shooter101,8,synthetic
95.43,167.26,154.58,165.5,14,62.6,90.4,shooter101,9,synthetic
104.17,160.53,152.03,173.05,9,90.9,96.5,shooter101,10,synthetic
102.48,158.06,119.54,175.09,19,96.0,42.2,shooter102,1,synthetic
78.59,171.26,113.16,176.03,19,91.9,98.5,shooter102,2,synthetic
89.71,168.46,126.71,178.19,15,90.1,90.7,shooter102,3,synthetic
93.79,169.81,121.94,175.72,15,98.3,96.4,shooter102,4,synthetic
90.59,168.27,122.1,176.14,21,92.2,98.3,shooter102,5,synthetic
80.86,162.85,120.73,173.39,20,99.0,94.1,shooter102,6,synthetic
87.68,166.6,128.47,176.3,14,90.1,93.1,shooter102,7,synthetic
108.54,162.92,126.66,175.95,18,97.7,90.6,shooter102,8,synthetic
86.26,172.23,125.26,173.87,17,93.5,100.0,shooter102,9,synthetic
95.32,164.92,119.2,175.89,13,99.5,96.0,shooter102,10,synthetic
68.9,166.78,110.54,169.06,13,96.6,91.6,shooter103,1,synthetic
83.68,163.47,116.29,175.72,15,93.7,96.4,shooter103,2,synthetic
76.44,158.75,115.88,177.53,17,92.4,93.3,shooter103,3,synthetic
75.39,168.15,108.69,180.0,15,94.8,91.4,shooter103,4,synthetic
81.68,168.32,115.15,174.03,13,90.4,94.3,shooter103,5,synthetic
93.54,159.45,118.94,172.62,19,90.8,94.6,shooter103,6,synthetic
69.84,163.44,114.25,173.03,16,92.5,99.6,shooter103,7,synthetic
63.81,159.77,106.31,173.79,14,96.1,92.6,shooter103,8,synthetic
67.12,164.84,117.2,173.15,15,91.8,95.2,shooter103,9,synthetic
66.49,170.29,115.85,174.65,16,96.6,97.9,shooter103,10,synthetic
89.06,141.97,128.86,171.99,18,99.0,99.4,shooter104,1,synthetic
77.96,134.96,130.43,174.73,20,95.7,92.4,shooter104,2,synthetic
69.59,135.54,117.65,176.55,13,99.7,96.1,shooter104,3,synthetic
70.33,146.62,119.66,178.83,19,93.0,99.6,shooter104,4,synthetic
63.2,141.82,109.54,174.7,18,93.7,97.7,shooter104,5,synthetic
71.43,151.96,119.02,173.09,14,91.2,95.8,shooter104,6,synthetic
69.36,140.5,112.52,168.62,11,98.6,92.7,shooter104,7,synthetic
81.54,144.25,121.13,174.93,13,92.4,95.0,shooter104,8,synthetic
68.01,146.07,115.78,177.25,15,97.5,95.9,shooter104,9,synthetic
74.23,141.29,122.19,172.37,9,91.4,98.9,shooter104,10,synthetic
96.6,173.34,137.88,167.59,16,94.5,96.8,shooter105,1,synthetic
85.49,172.19,137.18,168.97,19,95.5,94.6,shooter105,2,synthetic
89.57,167.63,135.81,162.85,21,96.2,94.0,shooter105,3,synthetic
88.74,174.64,146.15,163.63,18,92.6,98.6,shooter105,4,synthetic
77.78,165.64,135.19,167.69,22,95.8,94.3,shooter105,5,synthetic
86.91,179.5,142.73,163.03,18,91.3,96.6,shooter105,6,synthetic
90.18,162.32,135.65,165.03,20,92.3,98.8,shooter105,7,synthetic
95.74,175.35,137.33,168.0,13,93.0,91.5,shooter105,8,synthetic
90.11,164.93,136.35,164.12,13,90.2,92.3,shooter105,9,synthetic
91.57,168.18,131.48,162.49,17,54.5,98.0,shooter105,10,synthetic
93.84,171.74,131.93,168.79,13,91.5,92.2,shooter106,1,synthetic
81.95,179.5,140.03,168.69,18,97.4,90.0,shooter106,2,synthetic
107.01,174.24,142.88,171.37,19,97.8,93.8,shooter106,3,synthetic
96.24,172.42,135.18,169.26,11,95.8,90.8,shooter106,4,synthetic
80.16,170.92,137.96,174.58,17,91.9,91.3,shooter106,5,synthetic
105.31,173.98,139.82,173.1,11,91.7,99.0,shooter106,6,synthetic
99.92,170.92,132.36,169.15,17,47.6,97.0,shooter106,7,synthetic
120.62,175.62,143.82,170.06,13,99.3,92.4,shooter106,8,synthetic
82.59,176.72,134.27,162.59,17,43.0,43.1,shooter106,9,synthetic
85.89,168.26,138.12,167.72,17,96.4,91.1,shooter106,10,synthetic
75.24,167.99,122.55,178.87,8,94.8,96.4,shooter107,1,synthetic
77.08,153.95,126.2,173.16,11,94.9,91.9,shooter107,2,synthetic
81.19,165.02,119.67,172.87,11,90.0,99.1,shooter107,3,synthetic
74.0,168.27,120.07,180.0,11,68.6,100.0,shooter107,4,synthetic
82.15,157.38,121.86,174.52,9,97.8,95.8,shooter107,5,synthetic
62.32,152.33,124.65,172.69,15,92.4,99.5,shooter107,6,synthetic
81.32,158.21,123.0,175.52,14,93.8,98.9,shooter107,7,synthetic
71.18,165.34,118.76,177.66,8,94.2,98.7,shooter107,8,synthetic
61.47,158.03,126.5,175.42,14,98.5,94.4,shooter107,9,synthetic
67.54,161.61,124.74,175.05,11,98.5,90.4,shooter107,10,synthetic
80.25,170.83,129.47,171.3,13,94.7,99.3,shooter108,1,synthetic
86.62,168.7,124.42,170.54,12,99.7,90.4,shooter108,2,synthetic
102.7,159.64,125.3,173.7,12,95.2,91.6,shooter108,3,synthetic
85.16,165.58,126.74,165.12,11,94.0,99.0,shooter108,4,synthetic
105.42,163.26,133.84,168.13,6,60.5,62.0,shooter108,5,synthetic
94.51,165.04,135.46,167.73,7,90.6,94.1,shooter108,6,synthetic
92.74,156.82,131.03,171.06,11,97.0,93.2,shooter108,7,synthetic
94.55,161.07,135.92,168.99,10,96.7,95.3,shooter108,8,synthetic
96.86,159.58,133.53,168.5,7,96.4,95.7,shooter108,9,synthetic
93.3,162.63,134.04,168.67,8,95.0,94.2,shooter108,10,synthetic
104.77,163.45,121.24,165.32,1,97.4,93.1,shooter109,1,synthetic
95.15,165.74,124.1,172.34,1,95.3,92.6,shooter109,2,synthetic
101.98,161.99,129.24,165.9,3,98.6,95.8,shooter109,3,synthetic
85.75,160.29,113.29,168.58,8,95.4,93.6,shooter109,4,synthetic
94.14,174.86,120.62,166.24,10,98.3,92.3,shooter109,5,synthetic
98.75,166.25,125.69,169.09,5,99.3,92.5,shooter109,6,synthetic
107.03,165.11,132.82,163.81,4,93.2,94.8,shooter109,7,synthetic
89.43,166.89,132.81,162.33,1,46.7,45.6,shooter109,8,synthetic
102.2,166.41,127.47,162.24,1,95.7,94.5,shooter109,9,synthetic
96.91,160.54,126.15,168.49,6,97.0,97.2,shooter109,10,synthetic
99.82,147.37,134.06,164.92,8,98.1,99.3,shooter110,1,synthetic
97.52,145.89,139.18,166.22,7,95.1,51.1,shooter110,2,synthetic
95.6,146.61,143.15,167.16,15,98.0,96.3,shooter110,3,synthetic
81.99,141.43,126.72,165.21,10,96.6,99.2,shooter110,4,synthetic
89.24,145.47,136.52,163.91,17,94.9,60.2,shooter110,5,synthetic
82.39,146.41,129.74,160.02,14,94.3,92.6,shooter110,6,synthetic
96.8,142.27,132.27,165.04,15,91.3,98.6,shooter110,7,synthetic
90.96,142.32,135.89,168.94,19,97.8,93.2,shooter110,8,synthetic
99.93,142.33,136.95,167.93,15,92.8,93.6,shooter110,9,synthetic
87.93,148.64,136.03,164.15,16,90.2,90.0,shooter110,10,synthetic
115.07,162.34,127.17,176.49,18,94.6,95.1,shooter111,1,synthetic
78.41,172.25,109.24,174.94,22,95.0,61.0,shooter111,2,synthetic
88.49,170.52,123.77,170.75,21,99.0,98.2,shooter111,3,synthetic
69.24,170.91,120.76,174.41,23,90.9,91.8,shooter111,4,synthetic
88.55,176.57,125.81,170.37,24,96.6,93.8,shooter111,5,synthetic
94.4,171.38,122.51,175.63,24,97.6,99.8,shooter111,6,synthetic
82.38,166.68,119.51,178.83,27,98.3,99.6,shooter111,7,synthetic
80.39,171.83,119.72,174.65,22,97.7,95.9,shooter111,8,synthetic
86.39,167.24,121.83,174.18,22,95.9,94.8,shooter111,9,synthetic
82.66,173.09,122.3,170.36,26,90.0,95.4,shooter111,10,synthetic
93.22,164.23,130.93,172.93,17,93.8,94.9,shooter112,1,synthetic
81.84,171.13,126.49,173.9,14,94.1,96.4,shooter112,2,synthetic
84.73,168.01,125.5,175.69,20,95.3,97.4,shooter112,3,synthetic
80.79,165.92,125.64,172.44,17,95.5,97.0,shooter112,4,synthetic
92.64,172.56,130.59,174.43,18,91.3,93.1,shooter112,5,synthetic
89.25,170.71,129.21,169.35,16,92.5,96.1,shooter112,6,synthetic
63.62,160.82,125.83,176.53,18,90.9,90.9,shooter112,7,synthetic
80.4,165.64,130.8,176.36,22,91.3,99.8,shooter112,8,synthetic
93.55,168.99,132.17,176.22,18,99.1,94.0,shooter112,9,synthetic
86.51,158.62,130.25,169.04,20,96.2,90.7,shooter112,10,synthetic
