norm_frame,elbow_mean,elbow_std,knee_mean,knee_std,wrist_mean,wrist_std,shoulder_abd_mean,shoulder_abd_std
0,131.1774,11.6405,158.2304,2.4163,128.4948,12.9122,28.4008,7.8386
1,131.817,13.9557,159.493,4.1492,128.6147,12.885,32.0527,4.7777
2,132.3959,15.7963,159.8287,5.134,128.1771,12.18,34.463,2.6789
3,133.0398,17.191,159.2027,6.1648,127.0262,10.3717,35.7112,1.4982
4,133.5773,17.5169,159.0731,6.6687,126.8026,8.7387,35.3186,1.4165
5,134.0424,18.0964,159.282,6.6599,126.8529,7.6979,35.3121,1.6361
6,133.7046,18.3166,159.4081,6.6309,126.6972,7.3366,35.1164,2.6074
7,132.6519,17.9423,159.1282,6.8597,124.7575,6.4362,35.2153,3.5414
8,131.1787,17.0921,159.0726,6.8705,122.3391,3.9417,35.363,3.7962
9,129.4963,16.2922,159.5921,6.2813,121.4324,2.6679,35.5786,3.274
10,127.694,15.645,160.0428,5.4042,121.5238,3.4788,36.2873,3.4166
11,125.5105,14.7735,160.1697,4.7278,121.0008,4.8922,36.7957,3.9158
12,123.7762,14.1064,160.0796,4.491,120.203,5.0646,37.4887,5.082
13,122.4887,13.6456,160.2642,4.4717,120.2961,5.1553,38.4826,6.3412
14,121.6119,13.6097,160.7168,4.3936,122.1082,6.0576,39.387,7.1193
15,120.462,13.3557,161.3186,4.0582,123.8554,5.9838,39.6706,6.6815
16,119.2801,13.3225,161.9532,3.5756,123.8381,5.0429,39.3195,5.6587
17,118.6645,14.1037,162.5557,3.1945,122.8068,4.4642,39.1927,5.1249
18,118.3813,14.9322,163.1035,2.979,122.1692,3.8714,39.6652,5.3403
19,117.873,15.7698,163.2233,3.1581,121.4139,3.8267,39.671,5.7793
20,116.6741,16.075,162.9139,3.6298,120.1549,3.0071,39.0741,6.0291
21,115.6103,16.3862,162.5225,4.0869,119.2735,2.5186,38.3503,6.0199
22,114.2156,16.5503,162.4626,4.1821,117.9788,3.2491,37.9905,6.3278
23,113.0359,16.459,162.6429,3.9348,117.9719,3.0551,38.5492,6.465
24,111.8708,16.2287,162.8219,3.4788,118.4731,0.4662,39.5783,5.5282
25,110.7992,16.2357,163.0371,3.0316,118.9137,2.0909,40.0827,4.5491
26,110.0327,16.1948,163.2849,2.4637,119.4903,3.6866,40.0685,4.1255
27,109.2737,16.5045,163.4251,1.7539,119.4108,2.0304,39.8146,4.7436
28,108.908,16.4203,163.6057,1.2319,118.8934,0.4362,39.2523,5.6929
29,109.0463,15.3989,163.6522,0.7067,119.3894,0.622,38.2969,5.8339
30,109.0151,13.9676,163.3597,0.0408,120.1025,1.8742,37.9987,4.2166
31,108.1488,13.9403,163.0965,0.5943,119.3168,0.6287,37.1568,3.0897
32,107.9489,13.2578,162.3376,1.4229,121.307,2.9189,37.1027,1.4321
33,107.7021,12.9724,161.4772,2.6408,123.05,5.7,37.4242,0.1704
34,107.0568,13.0275,160.5966,3.6622,124.8249,8.5184,37.7565,1.4664
35,106.6035,13.5668,159.5539,4.4266,127.1288,10.2854,38.4368,2.281
36,104.5328,15.7661,158.9012,5.2938,126.2898,9.0599,38.3657,1.7767
37,100.1112,19.9312,158.4843,5.9306,119.0183,3.4928,36.232,0.6005
38,98.1665,21.9028,157.8047,6.807,114.3052,2.8065,34.4514,2.6577
39,97.1701,22.8337,157.1269,7.6406,113.8362,7.9705,33.4624,4.2081
40,95.7095,23.7827,156.3528,8.4582,117.1109,9.6906,34.1365,4.363
41,94.0177,24.1197,155.5254,9.1668,118.8729,9.1451,34.1265,5.1182
42,93.2718,23.6473,154.7087,9.7459,116.0169,9.7052,31.6153,7.7541
43,95.7017,22.2758,153.7687,10.4996,115.9979,13.2252,29.292,11.6581
44,98.4942,21.4372,153.034,11.0934,118.2464,16.3716,29.2417,14.9375
45,98.2513,23.147,152.7106,11.4123,122.387,17.1889,30.2692,15.5988
46,95.8675,23.9444,152.508,11.5607,122.0637,13.9178,30.0361,13.7148
47,94.9292,21.8936,152.3502,11.5795,119.5697,7.6247,28.3947,11.3497
48,96.1537,18.1099,152.3773,11.4831,117.3217,2.1121,28.0228,9.346
49,98.4564,14.6031,152.6272,11.2555,117.7172,1.8032,30.1587,8.0625
50,99.8778,13.0532,153.1403,10.8209,120.8367,6.2776,33.3499,7.5211
51,98.3746,12.2837,153.9013,10.1577,120.7355,8.6759,35.3824,6.5375
52,95.204,9.6382,154.9003,9.293,116.3631,6.6194,36.2792,4.0272
53,92.9807,6.2299,156.1689,8.1721,111.6191,3.2869,37.019,0.1366
54,91.838,5.358,157.7146,6.7194,112.1145,4.9894,39.0265,2.0784
55,91.2139,3.4173,159.2778,5.2185,111.6452,5.4882,41.0436,4.2963
56,86.9564,4.5043,160.7825,3.8605,108.9966,4.2096,42.0076,6.6902
57,78.3821,9.7918,162.3369,2.3171,106.5414,0.2186,43.9616,10.868
58,73.4637,14.0922,163.6034,0.81,106.2858,3.7145,48.5441,17.9738
59,74.6564,13.4834,164.2865,0.6059,104.6982,4.3824,54.3991,25.4526
60,79.0938,10.2414,164.2414,2.1195,101.8669,7.1188,60.1781,34.2891
61,86.217,2.6727,163.3465,3.2447,103.1596,7.1529,67.6016,42.434
62,95.326,8.6957,162.0976,4.2602,107.8391,12.1642,75.8896,49.0
63,106.0184,19.6107,161.3982,5.8125,112.2928,23.8893,80.9101,54.8014
64,114.6816,26.0863,160.732,7.5203,113.2519,33.6431,82.5008,60.0344
65,119.3418,25.3473,160.001,9.5987,111.0703,36.0466,80.4653,65.1111
66,119.7553,26.8535,159.2278,11.4493,114.3703,34.3789,79.3842,65.5724
67,118.4793,28.9111,158.6301,13.0121,116.1789,31.9358,79.0757,65.2797
68,116.2437,29.2728,158.413,14.3882,116.9364,27.8615,79.0869,65.5665
69,114.6498,27.827,158.1086,15.4082,118.7281,22.966,79.915,66.0728
70,114.2085,26.3816,157.2465,15.4259,122.4787,18.9174,80.5912,65.3683
71,112.5903,25.5535,156.3483,14.4354,125.8006,15.6514,81.4633,63.97
72,111.6078,24.8937,155.1559,13.3308,126.1082,14.8609,82.3514,62.6442
73,112.0389,23.7885,154.5547,12.407,124.2413,14.2413,83.8323,61.3613
74,112.3664,22.7339,154.9122,11.6131,120.8978,14.3928,86.0042,60.2578
75,113.0715,22.2634,156.0066,10.2889,118.2864,14.7659,89.0881,58.7016
76,113.7767,23.1136,157.2441,8.6986,117.2524,18.1242,91.3501,56.7814
77,112.3421,23.5094,158.7242,7.2248,116.2884,20.0011,92.9613,53.9551
78,109.8995,23.9756,160.613,5.6225,116.3933,20.993,93.5943,49.7886
79,103.2508,29.0186,162.7681,4.1806,116.5705,20.7683,95.9001,43.6104
80,97.5926,34.848,164.9103,2.9878,116.776,21.9085,101.9842,34.4552
81,97.7695,36.1858,166.4766,2.1607,115.9395,25.7812,110.0414,24.6858
82,104.4,30.629,167.2851,1.8624,120.0661,23.4493,119.7481,14.6143
83,119.0692,16.4842,167.6814,1.6612,131.4325,15.4975,129.2527,4.8503
84,133.251,2.4804,168.8793,0.3687,144.5562,8.2803,136.3864,2.6587
85,139.2569,3.0627,170.4024,1.4012,148.4152,8.0621,139.846,6.329
86,141.1416,3.3894,171.7573,3.0761,148.0965,9.766,140.1821,6.7022
87,142.4216,3.8658,172.4165,4.0935,148.1377,8.1704,139.3113,5.7432
88,143.2025,3.7887,172.4379,4.5406,146.3249,5.5545,139.66,5.7098
89,143.6303,2.7332,171.8564,4.2431,147.2028,4.513,139.5754,5.5002
90,141.4997,1.2576,170.5421,2.9476,146.7709,5.8789,139.7639,5.8329
91,138.7627,1.6779,169.2895,1.7297,146.1471,5.8229,140.1657,6.61
92,135.7571,2.522,168.8599,0.8123,144.7243,4.8579,140.2033,7.3413
93,131.8767,3.0729,168.6632,0.0813,143.1235,2.4683,138.9084,6.1681
94,130.5409,2.4995,168.696,0.7411,141.1406,1.6759,137.5206,5.4845
95,131.1067,1.2127,168.7839,1.3757,139.7106,2.6165,137.0046,5.4746
96,133.0503,2.0544,168.7958,1.8614,138.9837,1.2645,137.7786,6.5549
97,132.8173,1.4939,168.8452,2.1819,136.8083,2.1347,138.3327,7.0041
98,132.5088,1.5216,168.8482,2.3421,135.1629,2.6118,138.6362,6.8446
99,131.7269,1.7251,168.713,2.2323,133.6342,2.9083,138.7592,6.1423
